city,laf_cd,year,debt_general_won,debt_other_special_won,debt_public_enterprise_won,debt_fund_won,debt_total_won,revenue_net_won,local_tax_won,classified_expenditure_won,capital_outlay_won,debt_to_revenue_pct,capital_share_pct
서울,1100000,2004,46700000000,927700000000,103000000000,0,1077400000000,15309750512731,8504963327920,10345700397600,3306514613570,7.037345246769864,31.96027805267826
서울,1100000,2005,34700000000,887900000000,89500000000,0,1012100000000,15346003301262,8878924347120,11135610364365,3178923191670,6.5952025431714105,28.547363706643804
서울,1100000,2006,29700000000,862900000000,26300000000,0,918900000000,16180317661231,10005542623840,10154196115807,3121233091412,5.679122123799453,30.738357382650783
서울,1100000,2007,315500000000,877500000000,172100000000,0,1365100000000,18771185773334,10310204718270,11999329633376,3370066130964,7.27231628562984,28.08545338724756
서울,1100000,2008,14200000000,1519700000000,20500000000,0,1554400000000,19842974586573,11140915828510,13148738536293,4140624586786,7.8335029519808215,31.490660304462626
서울,1100000,2009,1076800000000,2001800000000,17700000000,0,3096300000000,21163196917449,10826303482200,14300903574513,5536773700978,14.630587297740016,38.71625084477607
서울,1100000,2010,1214300000000,2254700000000,314100000000,0,3783100000000,18893110511771,10953331041860,13632482353927,4047650419615,20.02370121978067,29.691220678154963
서울,1100000,2011,681900000000,2159000000000,311400000000,0,3152300000000,19845679133495,11698959962607,14332635136697,3556287545357,15.884062111432778,24.81251710825702
서울,1100000,2012,315500000000,2325300000000,308700000000,0,2949500000000,20136827841037,12244119111350,13940818427277,3198337311182,14.647292132026827,22.942249250761655
서울,1100000,2013,513000000000,4612100000000,157100000000,0,5282200000000,20620965782765,10902089313120,13384913834608,3365825816267,25.615677052404894,25.146413774919708
서울,1100000,2014,761700000000,4310700000000,154400000000,0,5226800000000,21943444372841,12343075504700,13649558107567,3247758900757,23.819414633324907,23.793875780905445
서울,1100000,2015,593651061590,4805208797780,1500000000,0,5400359859370,24934254068007,14690884719258,14181181283834,3663806581931,21.658397498640923,25.835693857941145
서울,1100000,2016,520000000000,5176744632450,0,0,5696744632450,27896704140067,15586414700879,15630657006468,3820498667748,20.42085188216904,24.44234216237404
서울,1100000,2017,520000000000,5684067298008,0,0,6204067298008,30453526966014,16739748439690,17063974746849,4221080820150,20.372245569229836,24.736797157587546
서울,1100000,2018,300000000000,5992257489010,0,0,6292257489010,32114643359662,17938047899650,18253748150996,4549211337008,19.593110278513848,24.922066960586264
서울,1100000,2019,0,7305881759032,0,0,7305881759032,35574072324354,19158063775695,19788238009743,5738877586045,20.537097053210847,29.001458256260047
서울,1100000,2020,28500000000,9696491475170,0,150000000000,9874991475170,43658549750690,21815852078737,22486005236953,6606565086185,22.618688736938473,29.380786033652246
서울,1100000,2021,34200000000,10750014303680,0,750000000000,11534214303680,45749331827208,24249818297556,22734545999732,5638130704175,25.211765599646164,24.799838555128673
서울,1100000,2022,34200000000,11213802355350,0,650000000000,11898002355350,46432501559752,24234202413165,25458898193134,4925169621327,25.624297540891632,19.345572553706454
서울,1100000,2023,34200000000,10758297733750,0,650000000000,11442497733750,43198111530812,22164767618391,24395007572761,5221413562562,26.48842120236758,21.40361525606629
서울,1100000,2024,34200000000,10803339990900,0,500000000000,11337539990900,44455377374621,24803724192218,26163883537996,5522960022744,25.503191425774414,21.10909878773687
경기,4100000,2004,1444700000000,665600000000,506500000000,0,2616800000000,9524285643180,5206886152350,4366440478560,1721358213500,27.475026453808603,39.42245913925027
경기,4100000,2005,1777400000000,791300000000,474700000000,0,3043400000000,9363682644530,5355981639900,4253794986180,1467420800520,32.50216945122407,34.49674479582232
경기,4100000,2006,1896000000000,632800000000,649800000000,0,3178600000000,11247210657070,6463547796450,5225411575870,1753245096480,28.261229356470984,33.55228714568948
경기,4100000,2007,2302900000000,257000000000,495300000000,0,3055200000000,12390532298852,6446330913840,6009909449630,2249834114300,24.657536305224504,37.43540785691057
경기,4100000,2008,2532900000000,220800000000,423600000000,0,3177300000000,12671955823130,6215853262230,6096776147430,1837879128710,25.0734775621653,30.14509774128297
경기,4100000,2009,3229500000000,280100000000,382100000000,0,3891700000000,13686918457810,6020727286680,6001513878560,1847156137800,28.433719481826287,30.778169894746714
경기,4100000,2010,1993000000000,253400000000,2320200000000,4600000000,4571200000000,13966649426237,6907541684290,6012209908981,1736051247729,32.72939600970286,28.875426407446252
경기,4100000,2011,1882200000000,266500000000,2322300000000,3900000000,4474900000000,14670815015016,6641439522950,6087553277725,1611181627638,30.502054558112903,26.466817687386552
경기,4100000,2012,2280700000000,273600000000,1783600000000,3300000000,4341200000000,14903007077927,6719222549220,6460236696193,1896947782084,29.12969159378443,29.363440865903044
경기,4100000,2013,1872900000000,158400000000,1923300000000,2600000000,3957200000000,14963298129246,6509016170910,6163029482072,1564659659747,26.44604127926577,25.387833439683043
경기,4100000,2014,1561800000000,159500000000,2209600000000,0,3930900000000,16952496155361,7915827751580,6828230481336,1637212894236,23.187735681962714,23.97711821109568
경기,4100000,2015,1084667601020,85269507000,2873793689770,0,4043730797790,21290608564048,9675517271620,8099746252754,1823623590814,18.993025895081143,22.514576801636824
경기,4100000,2016,566466240000,46903890750,2879519030160,0,3492889160910,22793005922879,10299364275330,8305181595580,1967772664633,15.324390177970923,23.693312927440918
경기,4100000,2017,340804586670,3000000000,20287200000,2991025050000,3355116836670,22752588501661,11053203057470,8305825398757,2263583172602,14.746088500765826,27.252958784093323
경기,4100000,2018,298265583340,7000000000,2894800000,2358040670000,2666201053340,24303153386481,12119638983898,8993230655162,1402625342839,10.970597152314872,15.596456897654582
경기,4100000,2019,406031150000,7000000000,0,1768652375000,2181683525000,27291137688311,12669981406222,10027511270716,1584610592542,7.994109845902216,15.80263087980407
경기,4100000,2020,629748970000,37200000000,0,1133342830000,1800291800000,34882373199498,14418116808590,9825422440820,1364373052780,5.161035889685133,13.88615157259471
경기,4100000,2021,832465790000,137605000000,0,2911219710000,3881290500000,38427206597535,16798716080970,13910536790457,1409404978940,10.10037117881208,10.131923736450556
경기,4100000,2022,834615000000,224705000000,0,3836168960000,4895488960000,34713374173455,15736930520221,11776977816406,1222597662645,14.102601883465237,10.381251299818633
경기,4100000,2023,710737700000,247605000000,0,3680385060000,4638727760000,33049516293412,14641814953833,11259699169996,1341447514947,14.035690322416825,11.913706527094334
경기,4100000,2024,998728325000,265408125000,56000000000,4145566225000,5465702675000,35285421549271,15111434813419,12004647049790,1647815305320,15.489974145180424,13.726478575218298
부산,2600000,2004,1029700000000,456200000000,548600000000,0,2034500000000,5279763511036,1917624139660,3318248021089,1013758363580,38.533922887784584,30.55101237572047
부산,2600000,2005,1136600000000,301800000000,487100000000,0,1925500000000,5561483372707,2054521709000,3683087964922,1180482334110,34.6220580187185,32.051429272203116
부산,2600000,2006,747200000000,864300000000,425700000000,0,2037200000000,6245098533925,2338363284160,4110239052215,1201738247640,32.62078234528086,29.237672854876546
부산,2600000,2007,950500000000,968800000000,387000000000,0,2306300000000,7041216818430,2307023403560,4649938480992,1259932722151,32.75428181622508,27.095685831142667
부산,2600000,2008,1089300000000,993000000000,345000000000,0,2427300000000,7433062932814,2297857052050,4939804400445,1542259405740,32.65544798880205,31.221062226695985
부산,2600000,2009,1343100000000,1055300000000,323300000000,0,2721700000000,8229653225695,2441870526730,5355756227968,1927683281190,33.07186737227498,35.992737517132525
부산,2600000,2010,1268600000000,1112700000000,520000000000,14500000000,2915800000000,8052862882946,2759370667360,5215826027920,1745883780135,36.208240999296706,33.472814675746285
부산,2600000,2011,1265100000000,1044400000000,484700000000,8400000000,2802600000000,8199328818515,2821904089050,5317207537799,1624028868849,34.18084653065036,30.54289036687195
부산,2600000,2012,1342300000000,978700000000,439300000000,4500000000,2764800000000,8387673037238,2814292276710,5447371717476,1549042110514,32.96265826916912,28.43650462744146
부산,2600000,2013,1407900000000,1103400000000,263700000000,3100000000,2778100000000,9102364279803,2786905917520,5817631682804,1595673805861,30.520641831092764,27.428237001966966
부산,2600000,2014,1553200000000,942600000000,376100000000,1800000000,2873700000000,9349718486247,3316851223030,5248961992697,1218521361191,30.73568476128002,23.214520563996395
부산,2600000,2015,1437748093666,935839885000,399663970000,1090000000,2774341948666,10458390917748,4046499400940,5829467207972,1402718959722,26.527426355405325,24.06255854400781
부산,2600000,2016,1374475024464,884797075000,385902510000,520000000,2645694609464,10437971366298,3832676997960,5770504082183,1388785119004,25.3468276221411,24.066963634806378
부산,2600000,2017,1361715298472,840757600000,49864000000,316971360000,2569308258472,10727396493353,4098600502450,6032416148281,1251431494800,23.95090234675316,20.745112141452783
부산,2600000,2018,1369950566249,876056020000,33156800000,255545690000,2534709076249,11273446824702,4016979784230,6341248698192,1438177364235,22.48388727656062,22.67971865927683
부산,2600000,2019,1392722922803,927755590000,23484800000,229532155000,2573495467803,12279243154699,4217190496990,6488285602051,1422087087129,20.958095180468668,21.917763402391945
부산,2600000,2020,1604711308047,1136818690000,0,181021160000,2922551158047,14882347883576,5070207735930,7123657600212,1576849701683,19.63770220203155,22.13539434624248
부산,2600000,2021,1750463193291,1122811925000,0,360553905000,3233829023291,15628973937951,5259962672780,7708489353469,1464745927296,20.691243303173383,19.001724723623443
부산,2600000,2022,1710273953535,1064739025000,0,390984035000,3165997013535,15859828572646,5451607240390,8216867853610,1570291616273,19.962365917343554,19.110586226394137
부산,2600000,2023,1742346389000,1001122160000,0,400305705000,3143774254000,15871488686166,5235638463080,8135639897447,1635215378402,19.807683552332396,20.099407041296626
부산,2600000,2024,1978029356500,817352460000,0,350924275000,3146306091500,16660852055021,5326787808190,8740086830988,1512121444039,18.884424884811416,17.30098880342664
대구,2700000,2004,839200000000,1194400000000,318400000000,0,2352000000000,3484984995625,1219755393140,2236153776970,757391144510,67.489530168786,33.870262068303234
대구,2700000,2005,827900000000,1238700000000,286300000000,0,2352900000000,3411382772511,1367216225160,2244462614393,643284236090,68.97203148704747,28.660946810378125
대구,2700000,2006,785000000000,675600000000,273900000000,0,1734500000000,3637559290111,1477280403070,2282191686947,456664292540,47.683071578115,20.009900796321904
대구,2700000,2007,791800000000,777400000000,253100000000,0,1822300000000,3959404791597,1392654811180,2438381299575,475888255820,46.02459450136159,19.516564365997453
대구,2700000,2008,826400000000,735900000000,233700000000,0,1796000000000,4526367359372,1403409540880,2796636277939,661908547370,39.678617695077705,23.66802406846406
대구,2700000,2009,1089000000000,764200000000,199900000000,0,2053100000000,5105581209947,1352453773810,3193481266778,901423212531,40.21285560985745,28.226976682423853
대구,2700000,2010,1123900000000,717400000000,246200000000,0,2087500000000,5046386054923,1581248884290,3198070902147,945691573450,41.36623669454579,29.57068815500986
대구,2700000,2011,1117500000000,693200000000,223300000000,0,2034000000000,5335728552158,1548488240110,3415875771158,986955596530,38.1203800027901,28.893193507310038
대구,2700000,2012,1207200000000,558000000000,213000000000,0,1978200000000,5676012408216,1670833971780,3598595052625,1235416285122,34.85193226738838,34.330516967193184
대구,2700000,2013,1193000000000,584500000000,182200000000,0,1959700000000,6479905608821,1723848465140,4053707191925,1138347779899,30.242724482472234,28.08164788435122
대구,2700000,2014,1127000000000,592700000000,178200000000,0,1897900000000,6597261565378,2130890843634,3641355564305,930175210857,28.76799686039517,25.544750970632997
대구,2700000,2015,953083820000,597115810320,200253662724,0,1750453293044,7163453569521,2352759909666,3923277205649,875291970353,24.435885234069406,22.310224959192162
대구,2700000,2016,910467470000,580436810320,175043242724,0,1665947523044,7132323070472,2430315130580,3719886802352,778759878459,23.35771257952497,20.935042377273625
대구,2700000,2017,934222980000,551104275320,2484800000,169678212724,1657490268044,7373441847195,2573548115370,3824891556606,749647736468,22.479193603114147,19.59918929396253
대구,2700000,2018,1034638570000,472883450320,1863600000,174301298724,1683686919044,7910639532720,2594540056500,4122852813327,895995112567,21.283828091015035,21.732406009516573
대구,2700000,2019,1138879260000,419640075000,1242400000,159044783724,1718806518724,8869987264879,2779602889910,4433407447621,916765412271,19.3777788783268,20.678573379555793
대구,2700000,2020,526283280000,297560255000,10621200000,1262591173724,2097055908724,10590814298772,3168709057300,5745718263658,1328116874702,19.800705116387064,23.11489728103127
대구,2700000,2021,767097400000,299269795000,40000000000,1267156743724,2373523938724,10267764172175,3428634296030,5578359569998,1246930483845,23.116268536397648,22.35299586192589
대구,2700000,2022,827380000000,308247460000,75000000000,1173028737724,2383656197724,10793004576433,3444319588417,5884091088385,1361911037671,22.085195839987115,23.14564844788632
대구,2700000,2023,817536875000,309431075000,72000000000,1175288282724,2374256232724,10113932978520,3278085428200,5311425489161,1194850909980,23.47510348117248,22.495861279016836
대구,2700000,2024,803425000000,291864780000,67000000000,1176888762724,2339178542724,10664262797596,3472733925820,5726626274151,1213592658694,21.9347421113001,21.192105099855166
광주,2900000,2004,525400000000,291100000000,137200000000,0,953700000000,2417489130360,617625908710,1515204070150,731867366340,39.450022257513936,48.301570775713905
광주,2900000,2005,536300000000,282400000000,91800000000,0,910500000000,2307536251360,708533778310,1415697951280,550525056355,39.45766830156517,38.88718323405385
광주,2900000,2006,596800000000,237100000000,79000000000,0,912900000000,2515911664600,812819299340,1542050942020,583946597620,36.28505773254723,37.86817813262789
광주,2900000,2007,599900000000,214200000000,63000000000,0,877100000000,2573633134640,794179891370,1613058662020,551070676410,34.080226439215814,34.163089625017456
광주,2900000,2008,631500000000,140900000000,51200000000,0,823600000000,2787136496649,813699676090,1589991236823,444444654720,29.550041807791683,27.952648066668317
광주,2900000,2009,719200000000,50300000000,40300000000,0,809800000000,3236600478902,887245380510,1935485440688,788213906862,25.020079100857096,40.724352159519036
광주,2900000,2010,388000000000,25600000000,354000000000,0,767600000000,3170082431918,983489539548,1798658179722,613200314362,24.21388138905832,34.09209828055134
광주,2900000,2011,376800000000,500000000,376000000000,0,753300000000,3424230916487,966181142763,1888211447063,647639090142,21.99910048043221,34.29907657584451
광주,2900000,2012,354200000000,200000000,396800000000,0,751200000000,3621015433009,1020292032305,2050838030640,674141902271,20.745561953481264,32.87153310983911
광주,2900000,2013,373000000000,0,429600000000,0,802600000000,3976766331428,1024618191155,2324376357257,602595545984,20.18222679208305,25.925041962443807
광주,2900000,2014,464000000000,0,456600000000,0,920600000000,4154141984958,1219341952801,2265501184487,666621473995,22.161014316156255,29.42490070451893
광주,2900000,2015,502864270000,0,503891035000,0,1006755305000,4507978809777,1331291577120,2502300974172,580397545306,22.332742621072835,23.194553784564263
광주,2900000,2016,457935010000,0,525558097000,0,983493107000,4411386095042,1443458846806,2317029037214,564419590693,22.2944236983781,24.359625262688084
광주,2900000,2017,449191850000,0,8556000000,512622127000,970369977000,4572239112131,1466156211453,2392894617170,496849389125,21.22308027210187,20.763529892202605
광주,2900000,2018,455065356670,0,4678000000,503045091000,962788447670,5018231944844,1580269751220,2454937335217,529573097072,19.185810027358745,21.5717562104366
광주,2900000,2019,411644080000,0,3200000000,488832989000,903677069000,5983538775504,1735102737313,3029429628756,725563483998,15.102719358978037,23.95049804460862
광주,2900000,2020,550966872000,0,3200000000,471181114000,1025347986000,7090447497208,1924584288373,3305112709419,919104474332,14.46097705968136,27.80856676120942
광주,2900000,2021,783836566000,0,2880000000,468084347000,1254800913000,7608175485278,2039154036382,3807659352701,1089132052745,16.49279666890005,28.603715612648323
광주,2900000,2022,946592535000,0,2560000000,487366267000,1436518802000,7932118450579,2226470614002,3907749907479,1131042935302,18.110153182283128,28.94358549244181
광주,2900000,2023,1101783879000,0,2240000000,496599192000,1600623071000,7394472362957,2028863684707,3926175038105,1091914034403,21.64621074274895,27.81113994678192
광주,2900000,2024,1340391375000,0,1920000000,489836217000,1832147592000,7669995820175,2057946816710,4398702320809,959808290840,23.88720456901367,21.82026017763062
대전,3000000,2004,204200000000,327100000000,194000000000,0,725300000000,2008271839452,784759485748,1195445662776,519144622280,36.1156286590123,43.42686902844836
대전,3000000,2005,234300000000,227000000000,170700000000,0,632000000000,2145244650782,836489511179,1233408821477,545898736290,29.46050930692771,44.25935073468093
대전,3000000,2006,246900000000,187000000000,145800000000,0,579700000000,2430560220573,984588074217,1356298721525,604582762650,23.850468508998176,44.57592955408946
대전,3000000,2007,270000000000,143000000000,118600000000,0,531600000000,2573301234397,916228192707,1431921529052,651620649240,20.6582887729648,45.50672896659385
대전,3000000,2008,316600000000,84000000000,96900000000,0,497500000000,2693643095136,949481698870,1442014055400,569097738860,18.46941047603345,39.46547793545175
대전,3000000,2009,509900000000,0,95800000000,0,605700000000,3065073482523,887399346813,1762722414858,823652482628,19.761353306982418,46.72615924580224
대전,3000000,2010,294200000000,0,343600000000,11200000000,649000000000,3036741378601,1044122456018,1620449407140,697679290540,21.371592739945097,43.0546789962029
대전,3000000,2011,330900000000,0,356300000000,2800000000,690000000000,3335150001110,1116421294809,1757464866790,720324550900,20.688724638182844,40.98656903541229
대전,3000000,2012,327700000000,0,365200000000,2200000000,695100000000,3431522032910,1089298109269,1745725016050,676105958720,20.25631755628103,38.7292358477972
대전,3000000,2013,297000000000,0,400400000000,1600000000,699000000000,3811622876534,1020287310925,1982521094030,748698792860,18.338645313085575,37.76498495348017
대전,3000000,2014,279800000000,0,416000000000,1100000000,696900000000,3986804758480,1287618710018,1877934713940,745029031350,17.480163745608113,39.67278658941728
대전,3000000,2015,226184600000,0,451836475000,700000000,678721075000,4342431351608,1348821029058,2003055634886,704793094800,15.62997823209502,35.1858971126437
대전,3000000,2016,183022100000,0,484851780000,260000000,668133880000,4443100960148,1398616625155,2018417867325,659121691950,15.03755791265532,32.65536352110928
대전,3000000,2017,161680000000,0,1603200000,480921835000,644205035000,4410201186958,1419115414066,2302795421362,482584226850,14.607157535240468,20.956452421838375
대전,3000000,2018,140712000000,0,767600000,462400050000,603879650000,4696926395080,1428669268083,2372617877755,508422691656,12.856911077690297,21.428764253309758
대전,3000000,2019,150960000000,0,0,445056305000,596016305000,5479525397258,1663593483876,2765596296223,607261188362,10.877151975575321,21.957694591627206
대전,3000000,2020,355800000000,17100000000,0,427606605000,800506605000,6222103503986,1879631072244,3175592289535,725525702215,12.865530193883467,22.846941170815043
대전,3000000,2021,424092500000,20000000000,0,403552745000,847645245000,6968027033842,2114483236607,3577861953143,850439758282,12.16478123410249,23.769496124212527
대전,3000000,2022,558177500000,31418750000,0,414702760000,1004299010000,7216855972668,2174098759422,3779773503545,831782445925,13.91601846847888,22.006145213327788
대전,3000000,2023,733081250000,40368750000,15900000000,418961420000,1208311420000,6777600709249,2012113355864,3383189809410,793197693765,17.828011295370164,23.445261379033504
대전,3000000,2024,913185625000,52718750000,17600000000,413873659000,1397378034000,7119472205838,2032299288925,4005437399316,1061131077016,19.627550941966508,26.492264669951076
울산,3100000,2004,254700000000,67500000000,202300000000,0,524500000000,1564342043546,620018019800,952581025709,408608360776,33.52847301930723,42.8948666568154
울산,3100000,2005,316000000000,46300000000,211500000000,0,573800000000,1683258601329,646717633080,978175042130,387662935600,34.088642086662254,39.63124378596437
울산,3100000,2006,370700000000,26300000000,196700000000,0,593700000000,1910645106945,758850065140,1116917355891,464790695536,31.07327456270979,41.61370517563691
울산,3100000,2007,372300000000,11000000000,176900000000,0,560200000000,2078465506706,818351698650,1224762860010,390006866947,26.952576224746583,31.843459634611687
울산,3100000,2008,392300000000,15000000000,160000000000,0,567300000000,2322372353587,855302515130,1397412613722,642769215412,24.4276073612305,45.997095567928795
울산,3100000,2009,437700000000,46200000000,136200000000,0,620100000000,2391387783955,818992405061,1520398095920,656703215217,25.93054979040023,43.1928464643088
울산,3100000,2010,171300000000,26800000000,398500000000,5600000000,602200000000,2403030086821,989238044694,1518647101504,566989502239,25.060027475422007,37.335171658871836
울산,3100000,2011,137200000000,26800000000,421000000000,3200000000,588200000000,2582043157182,1046901684476,1503558258069,498168013588,22.78040931902749,33.13260466726381
울산,3100000,2012,91800000000,11400000000,434300000000,2600000000,540100000000,2856155016243,1110473784298,1673811566516,591120672280,18.910038038147178,35.31584343812392
울산,3100000,2013,74300000000,0,453300000000,1900000000,529500000000,2884609510119,1026873819046,1608393557014,542971220950,18.356037381924747,33.75860457673257
울산,3100000,2014,48700000000,0,472900000000,1400000000,523000000000,3045895606825,1215334660477,1609809895420,521454990608,17.17064757006456,32.392333535255865
울산,3100000,2015,14530000000,0,514374640000,960000000,529864640000,3161466421666,1326749034535,1661982755075,598758132797,16.760090708816602,36.026735594496586
울산,3100000,2016,5310000000,0,545590395000,480000000,551380395000,3561283671412,1468963939251,1831017138957,640415530977,15.482630587003626,34.97594409967124
울산,3100000,2017,4340000000,0,0,581732705000,586072705000,3678775811991,1446333477422,2009551745774,698002585190,15.931188388531076,34.73424293043805
울산,3100000,2018,73370000000,0,0,610205855000,683575855000,3798894791591,1381956480403,2081440204010,699625377182,17.99407176300648,33.612561909495945
울산,3100000,2019,132400000000,0,0,618540455000,750940455000,4082304357866,1504295699143,2291969797308,811812203398,18.395013922787218,35.41984734491276
울산,3100000,2020,201500000000,0,0,645663020000,847163020000,4337931633175,1529930598834,2361801680460,835390099938,19.529192519337794,35.37088261260335
울산,3100000,2021,280600000000,50000000000,0,657779320000,988379320000,4606829680652,1635444273146,2513629688873,678171157406,21.454652950402014,26.979756024049106
울산,3100000,2022,273150000000,50000000000,0,650979035000,974129035000,5051398087757,1779065953710,2719929714664,568137896865,19.28434500858252,20.887962427925586
울산,3100000,2023,128200000000,46875000000,0,648196490000,823271490000,5342687679005,1754726885826,2856140919410,655668646686,15.409313429178825,22.956452961762235
울산,3100000,2024,112000000000,40625000000,0,636736435000,789361435000,5469924331665,1799580004551,3069148038512,771693757603,14.430938841885677,25.143582125062185
